stakes,n,mean_percent_offer,po_ci_low,po_ci_high,mean_reject,rj_ci_low,rj_ci_high,reject_unfair_offers,n_unfair_offers
20,201,0.24228856,0.22164250353885875,0.2629346158115746,0.3631841,0.29669836,0.42966983,0.42857143,70
200,124,0.1744758,0.15389453104621192,0.19505707689636925,0.42741936,0.34034494,0.5144938,0.46666667,75
2000,109,0.14413762,0.11950922302496891,0.16876601882683773,0.27522936,0.19138178,0.35907695,0.29113925,79
20000,24,0.12083334,0.076722816867836,0.16494385774611664,0.041666668,-0.038280513,0.121613845,0.05,20
