analysis,rows,total_n,mae,weighted_mae,ci_coverage
ruggeri_item,6,24588,0.03951057426386856,0.03951057426386856,0.3333333333333333
ruggeri_country,114,24588,0.06196601012622391,0.061987310883357724,0.5789473684210527
fraser_pg,5,2640,0.022875,0.022875,0.8
fraser_exp1,2,212,0.0016981132075472027,0.0016981132075472027,1.0
