target,column,n,observed,ci_low,ci_high,pred,error,abs_error,covered_by_95ci,note
UG_mean_offer,ProposedAmount,106,0.48301886792452825,0.4532900943396227,0.515566037735849,0.48,-0.003018867924528268,0.003018867924528268,True,Verify auto-selected column
Responder_MAO,LowestAcceptable,106,0.3396226415094339,0.30849056603773584,0.36981132075471695,0.34,0.00037735849056613757,0.00037735849056613757,True,Verify auto-selected column
Dictator_mean_giving,,0,,,,0.32,,,False,No column resolved
