target,round,n,observed,ci_low,ci_high,pred,error,abs_error,covered_by_95ci
PG_round_1,1,528,0.45738636363636365,0.43276278409090907,0.4816311553030303,0.5,0.042613636363636354,0.042613636363636354,False
PG_round_3,3,528,0.49981060606060607,0.4726325757575758,0.5286955492424242,0.48,-0.019810606060606084,0.019810606060606084,True
PG_round_5,5,528,0.48664772727272726,0.4578574810606061,0.5154379734848485,0.46,-0.02664772727272724,0.02664772727272724,True
PG_round_8,8,528,0.44564393939393937,0.4142045454545455,0.4792613636363637,0.43,-0.015643939393939377,0.015643939393939377,True
PG_round_10,10,528,0.39034090909090907,0.358046875,0.42301136363636366,0.4,0.00965909090909095,0.00965909090909095,True
