column,n,mean_pct,ci_low,ci_high,raw_min,raw_max
HighestAcceptable,106,87.16981132075472,83.49056603773585,90.28301886792453,5.0,10.0
LowestAcceptable,106,33.9622641509434,30.849056603773583,36.9811320754717,0.0,6.0
ProposedAmount,106,48.301886792452834,45.32900943396226,51.556603773584904,0.0,10.0
ProposerFirst,106,58.490566037735846,49.056603773584904,67.9245283018868,0.0,1.0
TimeProposer,106,29.78966981132076,26.49989103773585,33.6142891509434,7.288,162.376
TimeProposerInfo,106,61.006915094339625,53.103891509433964,70.39456603773586,9.47,362.106
TotalProposerTime,106,90.79658490566038,81.63543490566039,101.46523797169812,29.836,398.826
