target,column,description,n,observed,ci_low,ci_high,pred,error,abs_error,covered_by_95ci,postpred_p,note
P1_Allais_certainty,1,Allais/certainty effect; risky option vs certain 2400-like option,4098,0.2547584187408492,0.24165177644459476,0.2683244085984303,0.266,0.011241581259150812,0.011241581259150812,True,0.1058,
P3_Strong_certainty,3,80% chance of large gain vs certain smaller gain,4098,0.1283552952659834,0.1184613141967646,0.13894538214206842,0.154,0.025644704734016588,0.025644704734016588,False,0.0,
P7_Reflection,7,loss-domain reflection of P3,4098,0.7935578330893118,0.7808934010075423,0.8056724192842395,0.842,0.048442166910688145,0.048442166910688145,False,0.0,
P11_Isolation,11,isolation/two-stage framing item,4098,0.1605661298194241,0.14964437051074927,0.17212366271795507,0.154,-0.006566129819424116,0.006566129819424116,True,0.2549,
P16_Small_prob_gain,16,small-probability gain item,4098,0.5739385065885798,0.5587360179312661,0.5890025053841204,0.507,-0.0669385065885798,0.0669385065885798,False,0.0,
P17_Small_prob_loss,17,small-probability loss/insurance-like item,4098,0.4277696437286481,0.4126963287461976,0.4429782491371213,0.506,0.07823035627135189,0.07823035627135189,False,0.0,
