{
  "n_total": 150,
  "n_effects": 44,
  "effect_rate": 0.29333333333333333,
  "ci_95": [
    0.22636420924618766,
    0.37062349175928394
  ],
  "statistical_tests": {
    "null_5pct": {
      "p_value": 5.291814879977094e-22,
      "z_score": 13.674152849092733,
      "sigma": 8.0
    },
    "null_10pct": {
      "p_value": 3.571700291084151e-11,
      "z_score": 7.8928002823013514,
      "sigma": 6.5176151722391245
    },
    "null_15pct": {
      "p_value": 5.842711911351258e-06,
      "z_score": 4.916292774085253,
      "sigma": 4.383375878731159
    },
    "null_20pct": {
      "p_value": 0.004073594137256302,
      "z_score": 2.8577380332470406,
      "sigma": 2.6459083668053274
    }
  },
  "by_verdict": {
    "YTA": {
      "total": 39,
      "effects": 6,
      "rate": 0.15384615384615385
    },
    "NAH": {
      "total": 37,
      "effects": 18,
      "rate": 0.4864864864864865
    },
    "ESH": {
      "total": 37,
      "effects": 14,
      "rate": 0.3783783783783784
    },
    "NTA": {
      "total": 37,
      "effects": 6,
      "rate": 0.16216216216216217
    }
  },
  "clear_vs_contested": {
    "nta_total": 37,
    "nta_effects": 6,
    "nta_rate": 0.16216216216216217,
    "contested_total": 113,
    "contested_effects": 38,
    "contested_rate": 0.336283185840708,
    "odds_ratio": 0.38200339558573854,
    "fisher_p": 0.06013766125297199,
    "relative_risk": 2.073746312684366
  },
  "transitions": {
    "NTA\u2192YTA": 7,
    "ESH\u2192YTA": 4,
    "NAH\u2192YTA": 2,
    "YTA\u2192ESH": 3,
    "YTA\u2192NTA": 5,
    "NTA\u2192NAH": 3,
    "ESH\u2192NTA": 3,
    "YTA\u2192NAH": 3,
    "NTA\u2192ESH": 5,
    "NAH\u2192NTA": 8,
    "NAH\u2192ESH": 1
  }
}