{
  "summary": {
    "total": 3680,
    "parsed": 3680,
    "parse_rate": 1.0
  },
  "by_dimension": {
    "axis": {
      "harm": {
        "n": 480,
        "mean": 0.5908333333333334,
        "std": 0.4741318110524896,
        "variance": 0.2248009742519137
      },
      "intent": {
        "n": 480,
        "mean": 0.5637500000000001,
        "std": 0.3741357473047363,
        "variance": 0.1399775574112735
      },
      "duty": {
        "n": 480,
        "mean": 0.05520833333333333,
        "std": 0.11346671558777477,
        "variance": 0.012874695546276968
      },
      "rights": {
        "n": 480,
        "mean": 0.17229166666666668,
        "std": 0.2805507525811228,
        "variance": 0.07870872477383438
      },
      "fairness": {
        "n": 220,
        "mean": 0.05909090909090909,
        "std": 0.23633250106265646,
        "variance": 0.055853051058530515
      },
      "care": {
        "n": 220,
        "mean": 0.0,
        "std": 0.0,
        "variance": 0.0
      },
      "virtue": {
        "n": 220,
        "mean": 0.00909090909090909,
        "std": 0.09512832433347063,
        "variance": 0.00904939809049398
      },
      "consent": {
        "n": 220,
        "mean": 0.41363636363636364,
        "std": 0.4936079587450837,
        "variance": 0.2436488169364882
      },
      "loyalty": {
        "n": 220,
        "mean": 0.2772727272727273,
        "std": 0.4486731510945088,
        "variance": 0.20130759651307592
      },
      "authority": {
        "n": 220,
        "mean": 0.0,
        "std": 0.0,
        "variance": 0.0
      },
      "sanctity": {
        "n": 220,
        "mean": 0.0,
        "std": 0.0,
        "variance": 0.0
      },
      "liberty": {
        "n": 220,
        "mean": 0.6818181818181818,
        "std": 0.4668326811388932,
        "variance": 0.21793275217932753
      }
    },
    "timing": {
      "after": {
        "n": 3520,
        "mean": 0.2705681818181818,
        "std": 0.4130270238513164,
        "variance": 0.1705913224314759
      },
      "before": {
        "n": 80,
        "mean": 0.0875,
        "std": 0.1911821982073446,
        "variance": 0.0365506329113924
      },
      "during": {
        "n": 80,
        "mean": 0.2625,
        "std": 0.23620148018271672,
        "variance": 0.05579113924050633
      }
    },
    "abstraction": {
      "concrete": {
        "n": 3520,
        "mean": 0.2709943181818182,
        "std": 0.41125419654550605,
        "variance": 0.16913001417628973
      },
      "abstract": {
        "n": 80,
        "mean": 0.12875,
        "std": 0.21652827452987766,
        "variance": 0.04688449367088607
      },
      "philosophical": {
        "n": 80,
        "mean": 0.20249999999999999,
        "std": 0.3456694111027933,
        "variance": 0.11948734177215191
      }
    },
    "language": {
      "en": {
        "n": 3440,
        "mean": 0.2517151162790698,
        "std": 0.40636470226349314,
        "variance": 0.1651322712456974
      },
      "ja": {
        "n": 80,
        "mean": 0.48875,
        "std": 0.3593220585660612,
        "variance": 0.12911234177215192
      },
      "ar": {
        "n": 80,
        "mean": 0.46624999999999994,
        "std": 0.35074739368556285,
        "variance": 0.1230237341772152
      },
      "zh": {
        "n": 80,
        "mean": 0.47625,
        "std": 0.3732321197189135,
        "variance": 0.1393022151898734
      }
    },
    "emotional": {
      "neutral": {
        "n": 3520,
        "mean": 0.2619602272727273,
        "std": 0.4093870390941736,
        "variance": 0.16759774777829445
      },
      "sympathetic": {
        "n": 80,
        "mean": 0.33875,
        "std": 0.303354139871562,
        "variance": 0.0920237341772152
      },
      "hostile": {
        "n": 80,
        "mean": 0.39,
        "std": 0.38107110868369143,
        "variance": 0.14521518987341775
      }
    }
  },
  "order_effects": [
    {
      "axes": [
        "fairness",
        "liberty"
      ],
      "AB_mean": 0.1,
      "BA_mean": 0.95,
      "difference": 0.85,
      "t_statistic": 9.991814831969396,
      "significant": true
    },
    {
      "axes": [
        "harm",
        "virtue"
      ],
      "AB_mean": 0.6,
      "BA_mean": 0.05,
      "difference": 0.5499999999999999,
      "t_statistic": 4.4711636458338315,
      "significant": true
    },
    {
      "axes": [
        "duty",
        "liberty"
      ],
      "AB_mean": 0.05,
      "BA_mean": 0.6,
      "difference": 0.5499999999999999,
      "t_statistic": 4.4711636458338315,
      "significant": true
    },
    {
      "axes": [
        "liberty",
        "rights"
      ],
      "AB_mean": 0.15,
      "BA_mean": 0.65,
      "difference": 0.5,
      "t_statistic": 3.6579067361184654,
      "significant": true
    },
    {
      "axes": [
        "harm",
        "liberty"
      ],
      "AB_mean": 0.5,
      "BA_mean": 0.9,
      "difference": 0.4,
      "t_statistic": 2.990180006385608,
      "significant": true
    },
    {
      "axes": [
        "intent",
        "rights"
      ],
      "AB_mean": 0.4,
      "BA_mean": 0.05,
      "difference": 0.35000000000000003,
      "t_statistic": 2.8452859564397115,
      "significant": true
    },
    {
      "axes": [
        "duty",
        "loyalty"
      ],
      "AB_mean": 0.05,
      "BA_mean": 0.4,
      "difference": 0.35000000000000003,
      "t_statistic": 2.8452859564397115,
      "significant": true
    },
    {
      "axes": [
        "liberty",
        "loyalty"
      ],
      "AB_mean": 0.15,
      "BA_mean": 0.5,
      "difference": 0.35,
      "t_statistic": 2.48305515724224,
      "significant": true
    },
    {
      "axes": [
        "consent",
        "fairness"
      ],
      "AB_mean": 0.05,
      "BA_mean": 0.3,
      "difference": 0.25,
      "t_statistic": 2.1474753748150164,
      "significant": true
    },
    {
      "axes": [
        "harm",
        "intent"
      ],
      "AB_mean": 0.5,
      "BA_mean": 0.8,
      "difference": 0.30000000000000004,
      "t_statistic": 2.0422369371150535,
      "significant": true
    },
    {
      "axes": [
        "intent",
        "loyalty"
      ],
      "AB_mean": 0.7,
      "BA_mean": 0.4,
      "difference": 0.29999999999999993,
      "t_statistic": 1.9493588689617922,
      "significant": false
    },
    {
      "axes": [
        "harm",
        "rights"
      ],
      "AB_mean": 0.35,
      "BA_mean": 0.1,
      "difference": 0.24999999999999997,
      "t_statistic": 1.9339486757189188,
      "significant": false
    },
    {
      "axes": [
        "loyalty",
        "rights"
      ],
      "AB_mean": 0.1,
      "BA_mean": 0.35,
      "difference": 0.24999999999999997,
      "t_statistic": 1.9339486757189188,
      "significant": false
    },
    {
      "axes": [
        "loyalty",
        "virtue"
      ],
      "AB_mean": 0.05,
      "BA_mean": 0.25,
      "difference": 0.2,
      "t_statistic": 1.798344392265144,
      "significant": false
    },
    {
      "axes": [
        "harm",
        "loyalty"
      ],
      "AB_mean": 0.45,
      "BA_mean": 0.2,
      "difference": 0.25,
      "t_statistic": 1.7070765739848497,
      "significant": false
    },
    {
      "axes": [
        "fairness",
        "loyalty"
      ],
      "AB_mean": 0.15,
      "BA_mean": 0.35,
      "difference": 0.19999999999999998,
      "t_statistic": 1.4631626944473861,
      "significant": false
    },
    {
      "axes": [
        "consent",
        "rights"
      ],
      "AB_mean": 0.2,
      "BA_mean": 0.4,
      "difference": 0.2,
      "t_statistic": 1.378404875209022,
      "significant": false
    },
    {
      "axes": [
        "consent",
        "intent"
      ],
      "AB_mean": 0.35,
      "BA_mean": 0.2,
      "difference": 0.14999999999999997,
      "t_statistic": 1.050345565255365,
      "significant": false
    },
    {
      "axes": [
        "fairness",
        "intent"
      ],
      "AB_mean": 0.75,
      "BA_mean": 0.0,