{
  "kc1": {
    "name": "KC1",
    "n": 2109,
    "defect_rate": 0.15457562825983878,
    "pareto": {
      "0": {
        "groups": [
          "(null)"
        ],
        "f1": 0.0,
        "auc": 0.5,
        "acc": 0.8454243717401612,
        "group_idx": []
      },
      "1": {
        "groups": [
          "Operators"
        ],
        "f1": 0.30969558601598657,
        "auc": 0.7967300357716749,
        "acc": 0.8553849444450699,
        "group_idx": [
          3
        ]
      },
      "2": {
        "groups": [
          "Size",
          "Operators"
        ],
        "f1": 0.3508143361199949,
        "auc": 0.8228058232800466,
        "acc": 0.8601242809379608,
        "group_idx": [
          0,
          3
        ]
      },
      "3": {
        "groups": [
          "Size",
          "Complexity",
          "Operators"
        ],
        "f1": 0.3638650277589937,
        "auc": 0.8310310410012989,
        "acc": 0.8653375510801411,
        "group_idx": [
          0,
          1,
          3
        ]
      },
      "4": {
        "groups": [
          "Size",
          "Complexity",
          "Halstead",
          "Operators"
        ],
        "f1": 0.3808778467620281,
        "auc": 0.8252942475017822,
        "acc": 0.8648681203633867,
        "group_idx": [
          0,
          1,
          2,
          3
        ]
      }
    },
    "sensitivity": {
      "Size": 0.06108429296303147,
      "Complexity": 0.03519338058555205,
      "Halstead": 0.01701281900303442,
      "Operators": 0.017349829344067647
    },
    "mri": 0.15275498602618448,
    "mri_rel": 0.40106030666999004,
    "base_f1": 0.3808778467620281
  },
  "jm1": {
    "name": "JM1",
    "n": 10885,
    "defect_rate": 0.1934772622875517,
    "pareto": {
      "0": {
        "groups": [
          "(null)"
        ],
        "f1": 0.0,
        "auc": 0.5,
        "acc": 0.8065227377124483,
        "group_idx": []
      },
      "1": {
        "groups": [
          "Size"
        ],
        "f1": 0.20859826685950728,
        "auc": 0.7243495327624387,
        "acc": 0.8124023886081764,
        "group_idx": [
          0
        ]
      },
      "2": {
        "groups": [
          "Size",
          "Operators"
        ],
        "f1": 0.23028485665440174,
        "auc": 0.7402913418050819,
        "acc": 0.8140560404225999,
        "group_idx": [
          0,
          3
        ]
      },
      "3": {
        "groups": [
          "Size",
          "Halstead",
          "Operators"
        ],
        "f1": 0.22837251334044448,
        "auc": 0.7438530710177892,
        "acc": 0.8145153881488287,
        "group_idx": [
          0,
          2,
          3
        ]
      },
      "4": {
        "groups": [
          "Size",
          "Complexity",
          "Halstead",
          "Operators"
        ],
        "f1": 0.22571578687220395,
        "auc": 0.7489721161427378,
        "acc": 0.8159853008727607,
        "group_idx": [
          0,
          1,
          2,
          3
        ]
      }
    },
    "sensitivity": {
      "Size": 0.009470458766616952,
      "Complexity": -0.002656726468240528,
      "Halstead": 0.007494039698573873,
      "Operators": -0.0010151846593641767
    },
    "mri": 0.048451819564138035,
    "mri_rel": 0.21465853246485833,
    "base_f1": 0.22571578687220395
  }
}